



[
    {
        "name": "Septic Cleaner",
        "price": 14.98,
        "_id": "123",
        "description": "You know what this is, don't pretend like you don't",
        "imgUrl":"https://images.homedepot-static.com/productImages/96e8e4fe-9bb0-48de-9421-152948ea0f3b/svn/roebic-chemical-drain-openers-k-57-h-3-64_400_compressed.jpg"
    },
    {
        "name": "Snaking Device",
        "price": 509.00,
        "_id": "134",
        "description": "You know what this is you little snake, don't pretend like you don't",
        "imgUrl": "https://images.homedepot-static.com/productImages/f4214d4d-b711-45fa-9385-f506771717ec/svn/ridgid-plumbing-snakes-augers-27013-64_400_compressed.jpg"
    },
    {
        "name": "Tree Digging Tool",
        "price": 41.47,
        "_id": "352",
        "description": "For all the diggers who love trees",
        "imgUrl": "https://images.homedepot-static.com/productImages/0dd5b587-a4bd-4fe6-9725-c5ad9942eea0/svn/razor-back-shovels-47604-64_1000.jpg"
    },
    {
        "name": "Drain Replacement",
        "price": 11.69,
        "_id": "613",
        "description": "For you hairy people, you know who you are",
        "imgUrl": "https://images.homedepot-static.com/productImages/bd4dab48-0c2e-4c20-913f-16c89f4d6365/svn/chrome-the-plumber-s-choice-sink-strainers-rb12157-4f_1000.jpg"
    }
]
